Baslik,Fiyat,Alan_m2,Oda_Sayisi,Banyo_Sayisi,Konum,Durum,URL
7-Storey Historical Building for Sale in Pera,"$2,500,000",500,,,Pera,Satilik,https://maison-dorient.com/en/properties-for-sale
6-Storey Historical Atlas Apartments for Sale in Asmalı Mescit,"$6,500,000",2000,,,Asmalımescit,Satilik,https://maison-dorient.com/en/properties-for-sale
3+1 Furnished Apartment in Galata Historical Ferah Apartment,"$850,000",160,3+1,1,Galata,Satilik,https://maison-dorient.com/en/properties-for-sale
"2+1 Apartment for Sale in Historical Building, Galata","$350,000",110,2+1,1,Galata,Satilik,https://maison-dorient.com/en/properties-for-sale
160sqm Office for Sale on Istiklal Street,"$850,000",160,5,2,Istiklal Street,Satilik,https://maison-dorient.com/en/properties-for-sale
3+2 Apartment for Sale in Galata Historical Building,"$500,000",140,3+2,1,Galata,Satilik,https://maison-dorient.com/en/properties-for-sale
3+1 Apartment for Sale in Nişantaşı Historical Pamuk Apartment,"$1,300,000",220,3+1,1,Nişantaşı,Satilik,https://maison-dorient.com/en/properties-for-sale
Detached Arnavutköy House for Sale with Bosphorus View,"$2,200,000",240,3+2,3,Arnavutköy,Satilik,https://maison-dorient.com/en/properties-for-sale
1+1 Apartment for Sale with Airbnb Licence in Galata,"$440,000",90,1+1,1,Galata,Satilik,https://maison-dorient.com/en/properties-for-sale
3+1 Detached House with Garden for Sale in Cihangir,"$1,000,000",180,3+1,3,Cihangir,Satilik,https://maison-dorient.com/en/properties-for-sale
"3+1 Flat for Sale in Historical Nar Building, Cihangir","$690,000",160,3+1,1,Cihangir,Satilik,https://maison-dorient.com/en/properties-for-sale
3+1 Flat for Sale in Cihangir Historical Mavrodi Building,"$500,000",150,3+1,1,Cihangir,Satilik,https://maison-dorient.com/en/properties-for-sale
3+1 Apartment for Sale with Airbnb License in Onizetti,"$340,000",120,3+1,1,Onizetti,Satilik,https://maison-dorient.com/en/properties-for-sale
Renovated 1+1 Apartment for Sale in Central Galata,"$300,000",75,1+1,1,Galata,Satilik,https://maison-dorient.com/en/properties-for-sale
4-Storey Building with Garden for Sale in Balat,"$800,000",220,3+3,3,Balat,Satilik,https://maison-dorient.com/en/properties-for-sale
2+1 Flat for Sale in Historical Mavrogordato Building,"$405,000",140,2+1,2,Mavrogordato,Satilik,https://maison-dorient.com/en/properties-for-sale
5-Story Historical Building for Sale in Cihangir,"$1,000,000",350,,,Cihangir,Satilik,https://maison-dorient.com/en/properties-for-sale
4-Storey Historical House for Sale in Balat,"$310,000",160,2+1,2,Balat,Satilik,https://maison-dorient.com/en/properties-for-sale
3+1 Apartment for Sale Near Taksim Square,"$210,000",90,3+1,1,Taksim,Satilik,https://maison-dorient.com/en/properties-for-sale
Located in Galatasaray Historical Building,"$400,000",120,2+1,2,Galatasaray,Satilik,https://maison-dorient.com/en/properties-for-sale
2+1 Apartment for Sale in Central Cihangir,"$270,000",90,2+1,1,Cihangir,Satilik,https://maison-dorient.com/en/properties-for-sale
"3+1 Duplex for Sale in New Project, Galata","$1,400,000",200,3+1,2,Galata,Satilik,https://maison-dorient.com/en/properties-for-sale
2+1 Duplex for Sale in Historical İpera Building,"$1,200,000",180,2+1,2,Ipera,Satilik,https://maison-dorient.com/en/properties-for-sale
180 sqm Store For Sale on Meşrutiyet Street,"$2,300,000",180,,,Meşrutiyet Street,Satilik,https://maison-dorient.com/en/properties-for-sale
Historical Ojeni Building for Sale in Galata,"$3,500,000",420,,,Galata,Satilik,https://maison-dorient.com/en/properties-for-sale
2+1 Flat for Sale in Historical Fazilet Building,"$550,000",140,2+1,1,Çukurcuma,Satilik,https://maison-dorient.com/en/properties-for-sale
5+1 Flat for Sale with Terrace in Gümüşsuyu,"$800,000",280,5+1,3,Gümüşsuyu,Satilik,https://maison-dorient.com/en/properties-for-sale
Triplex Historical House for Sale in Gümüşsuyu,"$685,000",150,2+1,2,Gümüşsuyu,Satilik,https://maison-dorient.com/en/properties-for-sale
4+1 Historical House for Sale in Aynalı Çeşme,"$800,000",175,4+1,2,Aynalı Çeşme,Satilik,https://maison-dorient.com/en/properties-for-sale
4-Storey Historical House for Sale in Büyükdere,"$775,000",300,4+2,2,Büyükdere,Satilik,https://maison-dorient.com/en/properties-for-sale
4 Storey Historical Building for Sale in Şişhane,"$1,100,000",305,,,Şişhane,Satilik,https://maison-dorient.com/en/properties-for-sale
120sqm Store in Historical Building at Galatasaray,"$350,000",120,3,,Galatasaray,Satilik,https://maison-dorient.com/en/properties-for-sale
Flat for Sale in Historical Mavrodi Building,"$950,000",130,3+1,1,Cihangir,Satilik,https://maison-dorient.com/en/properties-for-sale
Historical Penthouse Duplex for Sale in Galatasaray,"$975,000",180,2+1,2,Galatasaray,Satilik,https://maison-dorient.com/en/properties-for-sale
Triplex Villa for Sale in Levent,"$8,500,000",500,4+2,3,Levent,Satilik,https://maison-dorient.com/en/properties-for-sale
Detached Building for Sale near St. Anthony Church,"$745,000",120,3+3,3,St. Anthony,Satilik,https://maison-dorient.com/en/properties-for-sale
Historical Building for Sale in Pera District,"$4,500,000",500,10,,Pera,Satilik,https://maison-dorient.com/en/properties-for-sale
Duplex Waterside Mansion with Pool in Ortaköy,"$15,000/Month",400,5+2,3,Ortaköy,Kiralik,https://maison-dorient.com/en/properties-for-rent
4+1 Furnished Rental Flat in Rauf Bey Building,"$3,300/Month",220,4+1,2,Galata,Kiralik,https://maison-dorient.com/en/properties-for-rent
Fully Renovated 2+1 Flat in Cihangir,"$3,000/Month",100,2+1,1,Cihangir,Kiralik,https://maison-dorient.com/en/properties-for-rent
"2+1 Rental Apartment in Toptaş Building, Pera","$1,600/Month",100,2+1,1,Pera,Kiralik,https://maison-dorient.com/en/properties-for-rent
Furnished 3+1 Apartment for Rent in Maçka,"$3,000/Month",140,3+1,2,Maçka,Kiralik,https://maison-dorient.com/en/properties-for-rent
"Rental Office in Historical Building, Pera","$2,000/Month",70,4,1,Pera,Kiralik,https://maison-dorient.com/en/properties-for-rent
2+1 Furnished Flat in Galata Glorya Building,"$2,000/Month",120,2+1,1,Galata,Kiralik,https://maison-dorient.com/en/properties-for-rent
2+1 Flat with Terrace and View in Cihangir,"$3,500/Month",110,2+1,1,Cihangir,Kiralik,https://maison-dorient.com/en/properties-for-rent
1+1 Flat in Historical Urgliavich Building,"$3,000/Month",75,1+1,1,Galata,Kiralik,https://maison-dorient.com/en/properties-for-rent
4+1 Triplex Villa with Garden in Sarıyer,"$9,000/Month",350,4+1,3,Sarıyer,Kiralik,https://maison-dorient.com/en/properties-for-rent
5-Storey Building with Private Garden for Sale in Galata,"$3,500,000",1500,,,Galata,Kapali,https://maison-dorient.com/en/closed-deals
"2+1 Furnished Flat for Rent on Lenger Street, Cihangir","$1,800/mo",110,2+1,1,Cihangir,Kapali,https://maison-dorient.com/en/closed-deals
400sqm Penthouse for Sale in Nisantasi,"$4,500,000",400,,,Nisantasi,Kapali,https://maison-dorient.com/en/closed-deals
4+1 Residence with Panoramic View in Nisantasi,"$2,000,000",285,4+1,3,Nisantasi,Kapali,https://maison-dorient.com/en/closed-deals
High Ceiling 2+1 Residence in Nisantasi,"$1,250,000",160,2+1,3,Nisantasi,Kapali,https://maison-dorient.com/en/closed-deals
"Duplex Office for Rent in Mizzi Building, Galatasaray","$6,700/mo",520,10,,Galatasaray,Kapali,https://maison-dorient.com/en/closed-deals
180sqm Penthouse Duplex for Rent in Galata,"$2,000/mo",180,1+1,1,Galata,Kapali,https://maison-dorient.com/en/closed-deals
150sqm Flat with View for Rent in Dogan Apartment,"$2,500/mo",150,2+2,2,Galata,Kapali,https://maison-dorient.com/en/closed-deals
3+2 Flat with Bosphorus View in Dogan Apartment,"$3,000/mo",180,3+2,2,Galata,Kapali,https://maison-dorient.com/en/closed-deals
Renovated Flat for Rent in Historical Dogan Apartment,"$2,000/mo",150,2+1,1,Galata,Kapali,https://maison-dorient.com/en/closed-deals
3+2 Flat for Rent with View in Doğan Apartment,"$3,000/mo",200,3+2,1,Galata,Kapali,https://maison-dorient.com/en/closed-deals
2+1 Rental Flat with View in Dogan Apartment,"$3,000/mo",150,2+1,1,Galata,Kapali,https://maison-dorient.com/en/closed-deals
2+1 Garden Flat for Rent in Dogan Apartment,"$1,500/mo",125,2+1,1,Galata,Kapali,https://maison-dorient.com/en/closed-deals
4+1 Flat with Bosphorus View in Dogan Apartment,"$2,000/mo",250,4+1,1,Galata,Kapali,https://maison-dorient.com/en/closed-deals
3+1 Apartment for Sale in Historical Dogan Apartment,"$1,000,000",180,3+1,1,Galata,Kapali,https://maison-dorient.com/en/closed-deals
Penthouse Duplex with Terrace for Sale in Tesvikiye,"$2,000,000",400,2+1,2,Tesvikiye,Kapali,https://maison-dorient.com/en/closed-deals
Historical Mansion with Garden for Rent in Cihangir,"$3,800/mo",350,4+1,2,Cihangir,Kapali,https://maison-dorient.com/en/closed-deals
"1+1 Flat for Sale in Urgliavich Building, Galata","$800,000",75,1+1,1,Galata,Kapali,https://maison-dorient.com/en/closed-deals
Historical Detached House for Rent in Balat,"$1,800/mo",225,2+1,1,Balat,Kapali,https://maison-dorient.com/en/closed-deals
2+1 Flat for Sale with Garden View in Tomtom Gardens,"$430,000",110,2+1,2,Tomtom,Kapali,https://maison-dorient.com/en/closed-deals
Office for Rent in Tünel Geçidi İş Hanı,"$2,000/mo",150,4,,Tünel,Kapali,https://maison-dorient.com/en/closed-deals
3+1 Flat for Rent in Cihangir New Building,"$2,200/mo",150,3+1,2,Cihangir,Kapali,https://maison-dorient.com/en/closed-deals
Flat for Rent in Historical Mansion in Yenikoy,"$5,000/mo",180,3+1,1,Yeniköy,Kapali,https://maison-dorient.com/en/closed-deals
3-Storey Historical Building for Sale in Beyoğlu,"$310,000",210,1+1,,Beyoğlu,Kapali,https://maison-dorient.com/en/closed-deals
3+1 Detached House with Garden for Rent in Cihangir,"$2,500/mo",180,3+1,3,Cihangir,Kapali,https://maison-dorient.com/en/closed-deals
Fully Renovated 1+1 Flat for Rent in Galata Tower Square,"$1,500/mo",75,1+1,1,Galata,Kapali,https://maison-dorient.com/en/closed-deals
3+1 Furnished Apartment in Ferah Apartment for Rent,"$3,500/mo",160,3+1,1,Galata,Kapali,https://maison-dorient.com/en/closed-deals
Villa with Garden and Pool for Rent in Emirgan,"$4,000/mo",300,2+1,3,Emirgan,Kapali,https://maison-dorient.com/en/closed-deals
Triplex Villa with Private Garden for Rent in Levent,"$10,000/mo",500,4+2,3,Levent,Kapali,https://maison-dorient.com/en/closed-deals
Studio Flat for Rent in Akaretler Row Houses,$800/mo,55,Studio,1,Akaretler,Kapali,https://maison-dorient.com/en/closed-deals
550sqm Villa with Garden for Rent in Akaretler,"$6,000/mo",550,6,2,Akaretler,Kapali,https://maison-dorient.com/en/closed-deals
Duplex Office with Terrace for Rent in Akaretler,"$7,100/mo",250,3+1,2,Akaretler,Kapali,https://maison-dorient.com/en/closed-deals
Duplex Flat with Terrace for Rent in Akaretler,"$3,500/mo",190,3+1,3,Akaretler,Kapali,https://maison-dorient.com/en/closed-deals
3+1 Duplex Flat for Rent in Akaretler Row Houses,"$3,300/mo",180,3+1,2,Akaretler,Kapali,https://maison-dorient.com/en/closed-deals
1100sqm Twin Villas for Rent in Akaretler,"$24,000/mo",1100,10,3,Akaretler,Kapali,https://maison-dorient.com/en/closed-deals
3+1 Flat for Rent in Renovated Building in Cihangir,"$2,500/mo",150,3+1,2,Cihangir,Kapali,https://maison-dorient.com/en/closed-deals
2+1 Rental in Renovated Building in Tomtom,"$2,400/mo",100,2+1,2,Tomtom,Kapali,https://maison-dorient.com/en/closed-deals
2+1 Rental Duplex in Renovated Building in Tomtom,"$2,600/mo",105,2+1,2,Tomtom,Kapali,https://maison-dorient.com/en/closed-deals
"2+1 Flat for Rent in Maanaa Building, Galatasaray","$1,900/mo",140,2+1,1,Galatasaray,Kapali,https://maison-dorient.com/en/closed-deals
1+1 Flat for Rent with Terrace in Maanaa Building,"$2,200/mo",140,1+1,1,Galatasaray,Kapali,https://maison-dorient.com/en/closed-deals
2+1 Flat for Rent with Balcony in Maanaa Building,"$1,600/mo",130,2+1,1,Galatasaray,Kapali,https://maison-dorient.com/en/closed-deals
1+1 Apartment for Rent with Terrace in Galatasaray,"$1,600/mo",60,1+1,1,Galatasaray,Kapali,https://maison-dorient.com/en/closed-deals
1+1 Flat for Rent with Private Garden in Galatasaray,"$1,000/mo",80,1+1,1,Galatasaray,Kapali,https://maison-dorient.com/en/closed-deals
3+1 Flat for Rent in Historical Renovated Apartment,"$1,700/mo",125,3+1,1,Cihangir,Kapali,https://maison-dorient.com/en/closed-deals
180sqm Penthouse Duplex for Sale in Galata,"$1,100,000",180,1+1,1,Galata,Kapali,https://maison-dorient.com/en/closed-deals
"3+1 Aparment for Sale in Pepo Building, Galata","$650,000",165,3+1,1,Galata,Kapali,https://maison-dorient.com/en/closed-deals
160sqm Flat with Tophane-i Amire View for Rent,"$1,700/mo",160,2+1,2,Cihangir,Kapali,https://maison-dorient.com/en/closed-deals
2+1 Rental Flat in Cihangir Palace Building,"$1,300/mo",160,2+1,2,Cihangir,Kapali,https://maison-dorient.com/en/closed-deals
2+1 Flat for Sale in Renovated Building in Galata,"$400,000",135,2+1,1,Galata,Kapali,https://maison-dorient.com/en/closed-deals
Triplex for Rent with Private Terrace in Galata,"$4,500/mo",225,3+1,2,Galata,Kapali,https://maison-dorient.com/en/closed-deals
2+1 Flat for Rent with View in Galata,"$2,500/mo",110,2+1,2,Galata,Kapali,https://maison-dorient.com/en/closed-deals?page=2
2+1 Duplex for Rent in Historical İpera Building,"$4,000/mo",180,2+1,2,Galata,Kapali,https://maison-dorient.com/en/closed-deals?page=2
Flat for Rent with Bosphorus View in Galata,"$2,200/mo",180,3+1,1,Galata,Kapali,https://maison-dorient.com/en/closed-deals?page=2
120sqm Furnished Garden Duplex for Rent in Galata,"$1,500/mo",120,1+1,2,Galata,Kapali,https://maison-dorient.com/en/closed-deals?page=2
"3+2 Flat for Rent in Petraki Building, Galata","$1,550/mo",180,3+2,2,Galata,Kapali,https://maison-dorient.com/en/closed-deals?page=2
Historical Furnished House for Rent in Aynalı Çeşme,"$2,000/mo",175,4+1,2,Aynalı Çeşme,Kapali,https://maison-dorient.com/en/closed-deals?page=2
Modern Designed 2+1 Garden Duplex in Galata,"$3,000/mo",160,2+1,3,Galata,Kapali,https://maison-dorient.com/en/closed-deals?page=2
140sqm Flat for Rent in Alaaddin Building,"$3,500/mo",140,1+1,2,Galata,Kapali,https://maison-dorient.com/en/closed-deals?page=2
Flat for Rent in Historical Alaaddin Building,"$3,000/mo",140,1+1,2,Galata,Kapali,https://maison-dorient.com/en/closed-deals?page=2
Duplex with Terrace for Rent in Pamir Bey Building,"$5,000/mo",280,4+2,3,Cihangir,Kapali,https://maison-dorient.com/en/closed-deals?page=2
Renovated 4-Storey Building for Rent in Resitpasa,"$3,200/mo",1300,,,Resitpasa,Kapali,https://maison-dorient.com/en/closed-deals?page=2
200sqm Office for Rent in Vural Arıkan Building,"$1,400/mo",200,5,1,Tunnel Square,Kapali,https://maison-dorient.com/en/closed-deals?page=2
4+1 Duplex for Sale in Tomtom Gardens,"$1,000,000",230,4+1,2,Tomtom Gardens,Kapali,https://maison-dorient.com/en/closed-deals?page=2
2+1 Flat with Garden in Tomtom Gardens For Sale,"$600,000",90,2+1,2,Tomtom Gardens,Kapali,https://maison-dorient.com/en/closed-deals?page=2
180sqm Office/Flat for Rent in Cihangir,"$1,500/mo",180,4,1,Cihangir,Kapali,https://maison-dorient.com/en/closed-deals?page=2
2+2 Flat for Rent with Terrace in Cihangir,"$1,700/mo",180,2+2,1,Cihangir,Kapali,https://maison-dorient.com/en/closed-deals?page=2
2+1 Flat for Rent with Terrace in Cihangir Susam St,"$1,700/mo",180,2+1,1,Cihangir,Kapali,https://maison-dorient.com/en/closed-deals?page=2
2+1 Furnished Flat for Rent in Cihangir Historical,"$1,700/mo",100,2+1,1,Cihangir,Kapali,https://maison-dorient.com/en/closed-deals?page=2
1+1 Furnished Rental Flat in Tomtom Gardens,"$1,400/mo",65,1+1,1,Tomtom Gardens,Kapali,https://maison-dorient.com/en/closed-deals?page=2
"3+2 Rental Flat in Petraki Building, Galata","$1,500/mo",160,3+2,2,Galata,Kapali,https://maison-dorient.com/en/closed-deals?page=2
Residence for Sale in Levent Kanyon,"$620,000",110,1+1,2,Levent,Kapali,https://maison-dorient.com/en/closed-deals?page=2
3+1 Furnished Flat for Rent in Taksim,"$3,000/mo",170,3+1,2,Taksim,Kapali,https://maison-dorient.com/en/closed-deals?page=2
2+1 Apartment With Private Garden in Gumussuyu,"$380,000",120,2+1,2,Gümüşsuyu,Kapali,https://maison-dorient.com/en/closed-deals?page=2
"2+1 Flat for Sale in New Project, Galata","$450,000",115,2+1,2,Galata,Kapali,https://maison-dorient.com/en/closed-deals?page=2
"3+2 Duplex for Sale in New Project, Galata","$1,500,000",210,3+2,3,Galata,Kapali,https://maison-dorient.com/en/closed-deals?page=2
Historical House for Rent in Gümüşsuyu,"$2,600/mo",150,2+1,2,Gümüşsuyu,Kapali,https://maison-dorient.com/en/closed-deals?page=2
200sqm Office for Rent with Garden in Levent,"$2,000/mo",200,6,,Levent,Kapali,https://maison-dorient.com/en/closed-deals?page=2
1+1 Furnished Duplex for Rent in Galata,"$2,400/mo",95,1+1,1,Galata,Kapali,https://maison-dorient.com/en/closed-deals?page=2
"6+2 Villa with Pool for Sale in Gocek, Fethiye","$900,000",500,6+2,6,"Göcek, Fethiye",Kapali,https://maison-dorient.com/en/closed-deals?page=2
Rental Villa in Zekeriyakoy with Garden,"$15,000/mo",600,6+1,4,Zekeriyakoy,Kapali,https://maison-dorient.com/en/closed-deals?page=2
"2+1 Flat for Sale in Rauf Bey Building, Galata","$580,000",150,2+1,3,Galata,Kapali,https://maison-dorient.com/en/closed-deals?page=2
Flat for Rent in Historical Mavrodi Building,"$2,200/mo",180,3+1,1,Cihangir,Kapali,https://maison-dorient.com/en/closed-deals?page=2
Duplex Apartment for Sale in Sishane,"$550,000",150,3+2,2,Şişhane,Kapali,https://maison-dorient.com/en/closed-deals?page=2
3+1 Flat for Rent in Mavrodi Building,"$2,500/mo",150,3+1,1,Cihangir,Kapali,https://maison-dorient.com/en/closed-deals?page=2
220sqm 3+1 Apartment for Sale in Said Bey Building,"$850,000",220,3+1,2,Cihangir,Kapali,https://maison-dorient.com/en/closed-deals?page=2
3+1 Rental Flat Next to Galata Tower,"$1,200/mo",180,3+1,1,Galata,Kapali,https://maison-dorient.com/en/closed-deals?page=2
4+1 Flat with View for Rent in Rıfat Bey Konakları,"$2,300/mo",230,4+1,2,Cihangir,Kapali,https://maison-dorient.com/en/closed-deals?page=2
2+1 Historical Flat for Rent in Cihangir,"$1,300/mo",170,2+1,1,Cihangir,Kapali,https://maison-dorient.com/en/closed-deals?page=2
2+1 Duplex with Bosphorus View for Rent in Galata,"$2,800/mo",160,2+1,2,Galata,Kapali,https://maison-dorient.com/en/closed-deals?page=2
2+1 Furnished Duplex Apartment for Rent in Şişhane,"$1,500/mo",100,2+1,1,Şişhane,Kapali,https://maison-dorient.com/en/closed-deals?page=2
Historical Greek House for Rent in Cihangir,"$3,000/mo",240,3+1,2,Cihangir,Kapali,https://maison-dorient.com/en/closed-deals?page=2
Flat for Rent in Taksim Tekfen Residences,"$3,500/mo",275,3+1,3,Taksim,Kapali,https://maison-dorient.com/en/closed-deals?page=2
3+1 Flat for Rent in Taksim Tekfen Residences,"$3,300/mo",275,3+1,3,Taksim,Kapali,https://maison-dorient.com/en/closed-deals?page=2
2+1 Flat for Rent in Pamir Bey Apartment,"$2,200/mo",150,2+1,2,Cihangir,Kapali,https://maison-dorient.com/en/closed-deals?page=2
Furnished Duplex for Sale in Cukurcuma,"$325,000",90,1+1,2,Cukurcuma,Kapali,https://maison-dorient.com/en/closed-deals?page=2
3+1 Flat for Sale in Cihangir New Building,"$600,000",150,3+1,2,Cihangir,Kapali,https://maison-dorient.com/en/closed-deals?page=2
1+1 Apartment for Sale in Apelyan Building,"$550,000",140,1+1,2,Galatasaray,Kapali,https://maison-dorient.com/en/closed-deals?page=2
2+1 Flat for Sale in Corner Location Cihangir,"$210,000",100,2+1,1,Cihangir,Kapali,https://maison-dorient.com/en/closed-deals?page=2
2+2 Furnished Apartment for Rent in Pera,"$2,500/mo",100,2+2,1,Galata,Kapali,https://maison-dorient.com/en/closed-deals?page=2
2+1 Furnished Apartment for Rent with View in Pera,"$2,300/mo",120,2+1,1,Galata,Kapali,https://maison-dorient.com/en/closed-deals?page=2
"3+1 Flat for Sale in Arbatlı Apartment, Cihangir","$640,000",160,3+1,1,Cihangir,Kapali,https://maison-dorient.com/en/closed-deals?page=3
3+1 Rental Flat with Bosphorus View in Cihangir,"$2,000/mo",175,3+1,1,Cihangir,Kapali,https://maison-dorient.com/en/closed-deals?page=3
2+1 Duplex with Garden for Rent in Pamir Bey Building,"$2,000/mo",150,2+1,2,Cihangir,Kapali,https://maison-dorient.com/en/closed-deals?page=3
"3+1 Apartment for Rent in Ferah Apartment, Galatasaray","$3,000/mo",165,3+1,2,Galatasaray,Kapali,https://maison-dorient.com/en/closed-deals?page=3
160sqm Flat for Rent in Petraki Building,"$1,000/mo",160,3+1,1,Galata,Kapali,https://maison-dorient.com/en/closed-deals?page=3
2+1 Furnished Flat for Rent in Gusto Building,"$2,000/mo",120,2+1,1,Cihangir,Kapali,https://maison-dorient.com/en/closed-deals?page=3
160sqm Flat with Galata Tower View for Sale,"$370,000",160,3+1,1,Cihangir,Kapali,https://maison-dorient.com/en/closed-deals?page=3
Flat for Rent with Private Terrace in Cihangir,"$3,500/mo",50,1,1,Cihangir,Kapali,https://maison-dorient.com/en/closed-deals?page=3
3+1 Apartment with Panoramic View for Rent in Cihangir,"$6,000/mo",200,3+1,2,Cihangir,Kapali,https://maison-dorient.com/en/closed-deals?page=3
1+1 Apartment with Terrace for Rent in Cihangir,"$2,500/mo",70,1+1,1,Cihangir,Kapali,https://maison-dorient.com/en/closed-deals?page=3
1+1 Apartment With Private Garden in Gümüşsuyu,"$2,200/mo",120,1+1,2,Gümüşsuyu,Kapali,https://maison-dorient.com/en/closed-deals?page=3
"4+1 Rental Flat with View in Nar Building, Cihangir","$3,500/mo",160,4+1,1,Cihangir,Kapali,https://maison-dorient.com/en/closed-deals?page=3
2+1 Rental Apartment with View in Tunnel Square,"$2,000/mo",100,2+1,1,Tunnel Square,Kapali,https://maison-dorient.com/en/closed-deals?page=3
"3+1 Aparment for Rent in New Building, Cihangir","$2,600/mo",120,3+1,2,Cihangir,Kapali,https://maison-dorient.com/en/closed-deals?page=3
2+1 Furnished Apartment for Rent in Cihangir,"$2,800/mo",90,2+1,1,Cihangir,Kapali,https://maison-dorient.com/en/closed-deals?page=3
"180sqm Flat For Sale in Lüks Building, Galatasaray","$500,000",180,4+2,2,Galatasaray,Kapali,https://maison-dorient.com/en/closed-deals?page=3
2+1 Furnished Flat for Rent in Apelyan Building,"$2,200/mo",125,2+1,2,Galatasaray,Kapali,https://maison-dorient.com/en/closed-deals?page=3
160sqm Flat with View for Sale in Cihangir,"$500,000",160,2+1,2,Cihangir,Kapali,https://maison-dorient.com/en/closed-deals?page=3
2+1 Flat for Sale with Balcony in Galata,"$540,000",140,2+1,1,Galata,Kapali,https://maison-dorient.com/en/closed-deals?page=3
Flat for Rent in Historical Gravier Building,"$2,000/mo",155,2+1,1,Cihangir,Kapali,https://maison-dorient.com/en/closed-deals?page=3
Rental Bar/Restaurant Close to Istiklal Street,"$7,500/mo",250,,,Beyoglu,Kapali,https://maison-dorient.com/en/closed-deals?page=3
1+1 Furnished Flat for Rent with View in Galata,"$2,000/mo",100,1+1,1,Galata,Kapali,https://maison-dorient.com/en/closed-deals?page=3
2+1 Flat for Sale in Central Cihangir,"$340,000",120,2+1,1,Cihangir,Kapali,https://maison-dorient.com/en/closed-deals?page=3
2+1 Apartment for Sale in Cihangir Historical,"$200,000",120,2+1,1,Cihangir,Kapali,https://maison-dorient.com/en/closed-deals?page=3
5+1 Duplex Flat for Sale with Sea View in Büyükada,"$290,000",250,5+1,3,Büyükada,Kapali,https://maison-dorient.com/en/closed-deals?page=3
1+1 Duplex with Winter Garden for Sale in Galata,"$420,000",100,1+1,,Galata,Kapali,https://maison-dorient.com/en/closed-deals?page=3
3+1 Apartment for Sale with Bosphorus View Cihangir,"$480,000",110,3+1,1,Cihangir,Kapali,https://maison-dorient.com/en/closed-deals?page=3
140sqm Furnished Flat for Rent in Galata,"$1,500/mo",140,2+1,1,Galata,Kapali,https://maison-dorient.com/en/closed-deals?page=3
2+1 Duplex Flat for Sale with Terrace in Cihangir,"$350,000",120,2+1,1,Cihangir,Kapali,https://maison-dorient.com/en/closed-deals?page=3
Furnished 1+1 Flat with Airbnb for Sale in Fındıklı,"$200,000",80,1+1,1,Fındıklı,Kapali,https://maison-dorient.com/en/closed-deals?page=3
"2+1 Flat for Rent on Kumrulu Street, Cihangir","$2,500/mo",90,2+1,1,Cihangir,Kapali,https://maison-dorient.com/en/closed-deals?page=3
1+1 Flat with View and Terrace for Rent in Galata,"$2,000/mo",70,1+1,1,Galata,Kapali,https://maison-dorient.com/en/closed-deals?page=3
Rental Studio Flat with View in Cihangir,"$1,300/mo",70,1,1,Cihangir,Kapali,https://maison-dorient.com/en/closed-deals?page=3
2+1 Rental Apartment with Balcony in Nişantaşı,"$1,100/mo",120,2+1,1,Nişantaşı,Kapali,https://maison-dorient.com/en/closed-deals?page=3
4+1 Rental Flat on Meşrutiyet Street,"$1,700/mo",180,4+1,1,Meşrutiyet Street,Kapali,https://maison-dorient.com/en/closed-deals?page=3
5-Storey Historical Detached House for Sale Cihangir,"$1,500,000",320,,,Cihangir,Kapali,https://maison-dorient.com/en/closed-deals?page=3
Fully Renovated 3+1 Apartment For Sale in Galata,"$320,000",100,3+1,1,Galata,Kapali,https://maison-dorient.com/en/closed-deals?page=3
Renovated Historical Fourlex for Sale in Emirgan,"$1,200,000",400,4+2,2,Emirgan,Kapali,https://maison-dorient.com/en/closed-deals?page=3
1+1 Apartment for Sale in Galatasaray Historical,"$265,000",80,1+1,1,Galatasaray,Kapali,https://maison-dorient.com/en/closed-deals?page=3
Historical Mansion with Dock for Sale in Buyukada,"$2,800,000",700,10,7,Buyukada,Kapali,https://maison-dorient.com/en/closed-deals?page=3
170sqm 2+1 Historical Flat for Sale in Cihangir,"$600,000",170,2+1,1,Cihangir,Kapali,https://maison-dorient.com/en/closed-deals?page=3
Renovated 135sqm Flat for Sale in Cihangir,"$400,000",135,3+1,1,Cihangir,Kapali,https://maison-dorient.com/en/closed-deals?page=3
2+1 Historical House for Sale in Aynalı Çeşme,"$350,000",200,2+1,1,Aynalı Çeşme,Kapali,https://maison-dorient.com/en/closed-deals?page=3
2+1 Furnished Flat for Rent in Suriye Passage,$700/mo,120,2+1,1,İstiklal Street,Kapali,https://maison-dorient.com/en/closed-deals?page=3
Triplex Villa for Sale with View in Sarıyer,"$3,250,000",500,6+2,3,Sarıyer,Kapali,https://maison-dorient.com/en/closed-deals?page=3
5 Storey Historical Building For Rent,"$3,600/mo",480,,,Ömer Hayyam Street,Kapali,https://maison-dorient.com/en/closed-deals?page=3
Fully Renovated 2+1 Flat for Sale in Cihangir,"$360,000",120,2+1,1,Cihangir,Kapali,https://maison-dorient.com/en/closed-deals?page=3
1+1 Flat for Sale with View in Galata,"$300,000",60,1+1,1,Galata,Kapali,https://maison-dorient.com/en/closed-deals?page=3
2+1 Rental Flat with Bosphorus View,"$1,200/mo",140,2+1,1,Istiklal Street,Kapali,https://maison-dorient.com/en/closed-deals?page=3
2+1 Flat for Sale in Konstantinopoli Building,"$270,000",120,2+1,1,Galatasaray,Kapali,https://maison-dorient.com/en/closed-deals?page=3
1+1 Flat with View for Rent in Galatasaray,$900/mo,70,1+1,1,Galatasaray,Kapali,https://maison-dorient.com/en/closed-deals?page=3
200sqm Office with Terrace on Istiklal Street,"$3,800/mo",200,3,1,Beyoğlu,Kapali,https://maison-dorient.com/en/closed-deals?page=4
1+1 Flat for Sale with Panoramic View in Galata,"$650,000",120,1+1,1,Galata,Kapali,https://maison-dorient.com/en/closed-deals?page=4
5+1 Rental Flat with Panoramic View in Cihangir,"$5,000/mo",280,5+1,3,Cihangir,Kapali,https://maison-dorient.com/en/closed-deals?page=4
5+1 Flat for Sale with Balcony and View Cihangir,"$400,000",250,5+1,2,Cihangir,Kapali,https://maison-dorient.com/en/closed-deals?page=4
Building for Sale in Beyoğlu,"$2,200,000",670,,,Beyoğlu,Kapali,https://maison-dorient.com/en/closed-deals?page=4
Historical Building for Sale in Galatasaray,"$2,300,000",510,7,,Galatasaray,Kapali,https://maison-dorient.com/en/closed-deals?page=4
Renovated Fourlex Greek House for Rent in Emirgan,"$5,000/mo",400,4+2,3,Emirgan,Kapali,https://maison-dorient.com/en/closed-deals?page=4
"Flat for Rent with Balcony in New Building, Galata","$1,750/mo",160,3+1,2,Galata,Kapali,https://maison-dorient.com/en/closed-deals?page=4
145sqm 3+1 Flat for Sale in Cihangir,"$280,000",145,3+1,2,Cihangir,Kapali,https://maison-dorient.com/en/closed-deals?page=4
Flat with Bosphorus View for Rent in Ortaköy,"$3,000/mo",250,4+1,3,Ortaköy,Kapali,https://maison-dorient.com/en/closed-deals?page=4
"3+1 Duplex with View for Rent in Yıldız, Besiktas","$1,250/mo",180,3+1,2,Besiktas,Kapali,https://maison-dorient.com/en/closed-deals?page=4
Furnished 3+1 Rental in Ankara Palas,"$3,000/mo",165,3+1,1,Gümüşsuyu,Kapali,https://maison-dorient.com/en/closed-deals?page=4
2+1 Rental Flat in Cihangir Historical Building,"$3,500/mo",100,2+1,1,Cihangir,Kapali,https://maison-dorient.com/en/closed-deals?page=4
2+1 Historical House for Rent in Aynalı Çeşme,$950/mo,200,2+1,1,Aynalı Çeşme,Kapali,https://maison-dorient.com/en/closed-deals?page=4
4+1 Apartment for Sale in Hayırlı Building,"$1,800,000",245,4+1,2,Gümüşsuyu,Kapali,https://maison-dorient.com/en/closed-deals?page=4
"3+1 Furnished Rental in Renovated Building, Galata","$2,100/mo",160,3+1,2,Galata,Kapali,https://maison-dorient.com/en/closed-deals?page=4
1+1 Flat for Sale in Urbach Building,"$225,000",80,1+1,1,Galata,Kapali,https://maison-dorient.com/en/closed-deals?page=4
4+1 Furnished Flat for Rent in Maslak Mashattan,"$4,300/mo",220,4+1,1,Maslak,Kapali,https://maison-dorient.com/en/closed-deals?page=4
3+1 Flat for Sale with Panoramic View in Galata,"$530,000",140,3+1,1,Galata,Kapali,https://maison-dorient.com/en/closed-deals?page=4
2+1 Flat for Sale with Private Terrace Çukurcuma,"$490,000",160,2+1,1,Çukurcuma,Kapali,https://maison-dorient.com/en/closed-deals?page=4
5+1 Rental Flat with Terrace in Cihangir,"$7,000/mo",300,5+1,5,Cihangir,Kapali,https://maison-dorient.com/en/closed-deals?page=4
2+1 Flat for Rent in Earthquake Proof Building,"$1,750/mo",160,2+1,2,Cihangir,Kapali,https://maison-dorient.com/en/closed-deals?page=4
1+1 Flat for Sale in Macka Armani Residences,"$900,000",141,1+1,2,Maçka,Kapali,https://maison-dorient.com/en/closed-deals?page=4
2+1 Rental Flat with Bosphorus View in Cihangir,"$2,200/mo",145,2+1,1,Cihangir,Kapali,https://maison-dorient.com/en/closed-deals?page=4
5+1 Duplex for Sale with Terrace in Ulus,"$900,000",300,5+1,3,Ulus,Kapali,https://maison-dorient.com/en/closed-deals?page=4
Garden Duplex for Rent in Esat Bey Building,"$2,100/mo",100,4,,Galata,Kapali,https://maison-dorient.com/en/closed-deals?page=4
2+1 Apartment for Sale in Sagredo Building,"$550,000",140,2+1,1,Pera,Kapali,https://maison-dorient.com/en/closed-deals?page=4
2+1 Flat for Sale with View in Boğaziçi Building,"$800,000",135,2+1,1,Gümüşsuyu,Kapali,https://maison-dorient.com/en/closed-deals?page=4
Renovated 3+1 Flat for Sale in Galata,"$450,000",160,3+1,1,Galata,Kapali,https://maison-dorient.com/en/closed-deals?page=4
Studio Flat for Rent with Bosphorus View Kabataş,"$1,500/mo",75,1,1,Kabataş,Kapali,https://maison-dorient.com/en/closed-deals?page=4
1+1 Flat with View for Sale in Cihangir,"$450,000",100,1+1,1,Cihangir,Kapali,https://maison-dorient.com/en/closed-deals?page=4
2+1 Flat for Rent in Gravier Building,"$1,500/mo",155,2+1,1,Cihangir,Kapali,https://maison-dorient.com/en/closed-deals?page=4
200sqm 3+1 Flat for Rent in Cihangir,"$1,700/mo",200,3+1,2,Cihangir,Kapali,https://maison-dorient.com/en/closed-deals?page=4
3+1 Rental Flat with Balcony in Galatasaray,"$1,700/mo",165,3+1,2,Galatasaray,Kapali,https://maison-dorient.com/en/closed-deals?page=4
900sqm 5-Storeys Rental Building in Tunel Square,"$25,000/mo",900,,,Tunel Square,Kapali,https://maison-dorient.com/en/closed-deals?page=4
4+1 Garden Duplex for Rent in Cihangir,"$1,750/mo",200,4+1,2,Cihangir,Kapali,https://maison-dorient.com/en/closed-deals?page=4
3+1 Rental Waterside Apartment in Kuruçeşme,"$3,700/mo",180,3+1,2,Kuruçeşme,Kapali,https://maison-dorient.com/en/closed-deals?page=4
5+1 Furnished Flat for Rent in Cihangir,"$2,200/mo",250,5+1,2,Cihangir,Kapali,https://maison-dorient.com/en/closed-deals?page=4
5-Storey Historical House for Rent in Cihangir,"$4,000/mo",320,,2,Cihangir,Kapali,https://maison-dorient.com/en/closed-deals?page=4
2+1 Furnished Rental Flat in Galata,"$1,000/mo",90,2+1,1,Galata,Kapali,https://maison-dorient.com/en/closed-deals?page=4
3+1 Flat for Rent in Papadopoulos Apartment,$750/mo,140,3+1,1,Galata,Kapali,https://maison-dorient.com/en/closed-deals?page=4
3+1 Flat for Sale on Meşrutiyet Street,"$400,000",155,3+1,1,Pera,Kapali,https://maison-dorient.com/en/closed-deals?page=4
"3+1 Flat for Sale in Şeref Apartments, Cihangir","$600,000",160,3+1,1,Cihangir,Kapali,https://maison-dorient.com/en/closed-deals?page=4
3+1 Flat for Sale with View in Nar Building,"$1,100,000",160,3+1,1,Cihangir,Kapali,https://maison-dorient.com/en/closed-deals?page=4
6-Storey Historical Building for Rent in Karaköy,"$12,000/mo",360,,,Karaköy,Kapali,https://maison-dorient.com/en/closed-deals?page=4
"1+1 Flat for Sale in Amancich Building, Galata","$350,000",70,1+1,1,Galata,Kapali,https://maison-dorient.com/en/closed-deals?page=4
2+1 Furnished Apartment for Rent in Galata,"$1,500/mo",95,2+1,1,Galata,Kapali,https://maison-dorient.com/en/closed-deals?page=4
2+1 Rental Flat with Balcony in Galata,"$1,300/mo",140,2+1,1,Galata,Kapali,https://maison-dorient.com/en/closed-deals?page=4
3+1 Apartment for Sale with View in Gümüşsuyu,"$650,000",130,3+1,1,Gümüşsuyu,Kapali,https://maison-dorient.com/en/closed-deals?page=4
"2+1 Rental Flat in Esat Bey Building, Galata","$1,300/mo",110,2+1,2,Galata,Kapali,https://maison-dorient.com/en/closed-deals?page=4
400sqm 5+2 Triplex Villa for Sale in Yenikoy,"$1,600,000",400,5+2,4,Yenikoy,Kapali,https://maison-dorient.com/en/closed-deals?page=4
1+1 Rental Flat with Terrace in Galata,"$2,000/mo",85,1+1,1,Galata,Kapali,https://maison-dorient.com/en/closed-deals?page=5
Renovated Garden Duplex Office for Rent Galata,"$1,000/mo",100,4,2,Galata,Kapali,https://maison-dorient.com/en/closed-deals?page=5
6-Storey Historical Mansion for Rent in Cihangir,"$11,000/mo",910,8+5,5,Cihangir,Kapali,https://maison-dorient.com/en/closed-deals?page=5
"2+1 Flat for Rent in Historical Building, Galata","$1,300/mo",120,2+1,1,Galata,Kapali,https://maison-dorient.com/en/closed-deals?page=5
2+1 Rental Flat with Sarayburnu View in Galata,"$1,200/mo",110,2+1,2,Galata,Kapali,https://maison-dorient.com/en/closed-deals?page=5
2+1 Flat for Sale with Balcony in Miras Building,"$280,000",100,2+1,1,Çukurcuma,Kapali,https://maison-dorient.com/en/closed-deals?page=5
3+1 Furnished Apartment for Rent in Galata,"$1,600/mo",120,3+1,1,Galata,Kapali,https://maison-dorient.com/en/closed-deals?page=5
1300sqm Renovated Building for Sale in Resitpasa,"$1,200,000",1300,,,Resitpasa,Kapali,https://maison-dorient.com/en/closed-deals?page=5
3+1 180sqm Flat for Sale in Taksim Historical,"$450,000",180,3+1,1,Taksim,Kapali,https://maison-dorient.com/en/closed-deals?page=5
3+1 Konut/Ofis Kiralık in Pamir Bey Apartmanı,"$1,000/mo",140,3+1,2,Cihangir,Kapali,https://maison-dorient.com/en/closed-deals?page=5
1+1 Flat for Rent in Firuzağa,$410/mo,30,1+1,1,Beyoğlu,Kapali,https://maison-dorient.com/en/closed-deals?page=5
Villa with Bosphorus View for Sale in Rumeli Hisari,"$900,000",240,4+1,2,Rumeli Hisari,Kapali,https://maison-dorient.com/en/closed-deals?page=5
1+1 Furnished Flat for Rent in Aynalı Çeşme,"$1,000/mo",75,1+1,1,Aynalı Çeşme,Kapali,https://maison-dorient.com/en/closed-deals?page=5
"3+1 Flat for Rent in Historical Building, Galata","$1,500/mo",180,3+1,1,Galata,Kapali,https://maison-dorient.com/en/closed-deals?page=5
"2+1 Apartment for Rent in Anadolu Han, Galata","$1,300/mo",150,2+1,1,Galata,Kapali,https://maison-dorient.com/en/closed-deals?page=5
5-Storey Building for Sale in Taksim,"$900,000",350,6,6,Taksim,Kapali,https://maison-dorient.com/en/closed-deals?page=5
Flat with Bosphorus View for Sale in Galata,"$300,000",110,2+1,1,Galata,Kapali,https://maison-dorient.com/en/closed-deals?page=5
Modern Designed Garden Duplex for Sale in Galata,"$1,000,000",160,2+1,2,Galata,Kapali,https://maison-dorient.com/en/closed-deals?page=5
2+1 Flat with View for Rent in Galata,"$1,200/mo",125,2+1,1,Galata,Kapali,https://maison-dorient.com/en/closed-deals?page=5
2+1 Furnished Flat for Rent in Aynalı Çeşme,"$1,000/mo",70,2+1,1,Aynalı Çeşme,Kapali,https://maison-dorient.com/en/closed-deals?page=5
3+1 Furnished Flat with Sea View for Rent Cihangir,"$2,100/mo",145,3+1,1,Cihangir,Kapali,https://maison-dorient.com/en/closed-deals?page=5
"2+1 Rental Flat in Historical Building, Cihangir","$1,500/mo",170,2+1,1,Cihangir,Kapali,https://maison-dorient.com/en/closed-deals?page=5
Office for Rent in Historical Gümüşsu Palace,"$3,000/mo",250,5,1,Gümüşsuyu,Kapali,https://maison-dorient.com/en/closed-deals?page=5
Renovated Triplex Villa for Sale in Cengelkoy,"$900,000",400,5+1,4,Cengelkoy,Kapali,https://maison-dorient.com/en/closed-deals?page=5
4+1 Duplex for Rent with Terrace in Cihangir,"$2,800/mo",240,4+1,2,Cihangir,Kapali,https://maison-dorient.com/en/closed-deals?page=5
Triplex Detached House for Sale in Cukurcuma,"$260,000",130,2+2,3,Cukurcuma,Kapali,https://maison-dorient.com/en/closed-deals?page=5
2+1 Duplex for Rent with View in Gümüşsuyu,"$2,300/mo",150,2+1,2,Gümüşsuyu,Kapali,https://maison-dorient.com/en/closed-deals?page=5
160sqm 3+1 Flat for Rent in Central Cihangir,"$1,300/mo",160,3+1,1,Cihangir,Kapali,https://maison-dorient.com/en/closed-deals?page=5
3+2 Villa with Private Garden for Sale in Levent,"$3,500,000",360,3+2,3,Levent,Kapali,https://maison-dorient.com/en/closed-deals?page=5
2+1 Flat for Rent with View in Tarabya,"$3,000/mo",100,2+1,1,Tarabya,Kapali,https://maison-dorient.com/en/closed-deals?page=5
Renovated 3+1 Flat for Sale in Teşvikiye,"$500,000",180,3+1,2,Teşvikiye,Kapali,https://maison-dorient.com/en/closed-deals?page=5
4+1 Flat for Rent with Panoramic View in Tarabya,"$2,000/mo",220,4+1,2,Tarabya,Kapali,https://maison-dorient.com/en/closed-deals?page=5
2+2 Aparment for Sale on Istiklal Street,"$680,000",130,2+2,1,Istiklal Street,Kapali,https://maison-dorient.com/en/closed-deals?page=5
200sqm Flat with Bosphorus View for Sale Istiklal,"$580,000",200,4+1,1,Istiklal Street,Kapali,https://maison-dorient.com/en/closed-deals?page=5
3+2 Rental Flat with View in Dogan Apartments,"$5,000/mo",180,3+2,1,Galata,Kapali,https://maison-dorient.com/en/closed-deals?page=5
1+1 Flat for Rent with Terrace and View in Galata,"$1,200/mo",70,1+1,1,Galata,Kapali,https://maison-dorient.com/en/closed-deals?page=5
2+1 Garden Duplex for Rent in Historical Building,"$1,000/mo",150,2+1,2,Cihangir,Kapali,https://maison-dorient.com/en/closed-deals?page=5
Studio Office for Rent Near Tunnel Square,"$1,500/mo",35,1,1,Beyoğlu,Kapali,https://maison-dorient.com/en/closed-deals?page=5
1500sqm Duplex Office for Rent in Armani Residences,"$22,500/mo",1500,,,Macka,Kapali,https://maison-dorient.com/en/closed-deals?page=5
Flat for Rent with Balcony and Terrace,"$1,300/mo",100,2+1,1,Galata,Kapali,https://maison-dorient.com/en/closed-deals?page=5
"3+1 Flat for Rent in Petraki Building, Galata","$1,500/mo",150,3+1,1,Galata,Kapali,https://maison-dorient.com/en/closed-deals?page=5
3+1 Rental Flat with Balcony in Galatasaray,"$2,000/mo",165,3+1,2,Galatasaray,Kapali,https://maison-dorient.com/en/closed-deals?page=5
1+1 Flat with City and Sea View for Rent Galata,"$1,250/mo",70,1+1,1,Galata,Kapali,https://maison-dorient.com/en/closed-deals?page=5
Historical 2+1 Flat with View for Rent in Galata,"$1,250/mo",120,2+1,2,Galata,Kapali,https://maison-dorient.com/en/closed-deals?page=5
170sqm 2+1 Residence for Rent in Sisli,"$1,500/mo",170,2+1,2,Sisli,Kapali,https://maison-dorient.com/en/closed-deals?page=5
"2+1 Flat for Sale in Gravier Building, Cihangir","$550,000",125,2+1,1,Cihangir,Kapali,https://maison-dorient.com/en/closed-deals?page=5
160 sqm Flat/Office for Rent in Sadık Pasa Building,"$1,000/mo",160,2+1,2,Galata,Kapali,https://maison-dorient.com/en/closed-deals?page=5
150 sqm Historical Flat with View for Rent,"$1,400/mo",150,3+1,1,Galata,Kapali,https://maison-dorient.com/en/closed-deals?page=5
2+1 Duplex with Terrace for Rent in Galata,"$1,000/mo",150,2+1,2,Galata,Kapali,https://maison-dorient.com/en/closed-deals?page=5
6 Storeys Historical Building for Sale Cihangir,"$790,000",312,,,Cihangir,Kapali,https://maison-dorient.com/en/closed-deals?page=5
3+1 Flat for Sale in Papadopoulos Apartment,"$250,000",140,3+1,1,Galata,Kapali,https://maison-dorient.com/en/closed-deals?page=5
180sqm Duplex with Private Terrace for Rent Galata,"$4,700/mo",180,3+1,2,Galata,Kapali,https://maison-dorient.com/en/closed-deals?page=6
2+1 Flat for Sale in Papadopoulos Apartment,"$275,000",70,2+1,1,Galata,Kapali,https://maison-dorient.com/en/closed-deals?page=6
Fully Renovated 2+1 Rental Flat in Taksim,"$1,200/mo",100,2+1,1,Taksim,Kapali,https://maison-dorient.com/en/closed-deals?page=6
270sqm Office for Rent with Private Garden,"$2,000/mo",270,7,,Galata,Kapali,https://maison-dorient.com/en/closed-deals?page=6
"2+1 Flat for Sale in Historical Building, Taksim","$230,000",170,2+1,1,Taksim,Kapali,https://maison-dorient.com/en/closed-deals?page=6
3+1 Rental Flat in Cihangir Palace Building,"$1,600/mo",190,3+1,1,Cihangir,Kapali,https://maison-dorient.com/en/closed-deals?page=6
2+1 Furnished Flat for Rent with Garden Cihangir,"$1,000/mo",100,2+1,2,Cihangir,Kapali,https://maison-dorient.com/en/closed-deals?page=6
120sqm Flat with Halic View for Rent in Pera,"$1,600/mo",120,2+1,1,Pera,Kapali,https://maison-dorient.com/en/closed-deals?page=6
200sqm Furnished Flat with View for Rent Cihangir,"$2,500/mo",200,3+1,2,Cihangir,Kapali,https://maison-dorient.com/en/closed-deals?page=6
3+1 Historical Flat for Sale in Central Cihangir,"$475,000",190,3+1,2,Cihangir,Kapali,https://maison-dorient.com/en/closed-deals?page=6
"225sqm Office for Rent in Haliç Building, Şişhane","$1,100/mo",225,6,1,Şişhane,Kapali,https://maison-dorient.com/en/closed-deals?page=6
Duplex with Terrace for Rent in Pamir Bey Building,"$3,700/mo",280,4+2,3,Cihangir,Kapali,https://maison-dorient.com/en/closed-deals?page=6
2+1 Rental Flat with View in Boğaziçi Building,"$2,300/mo",135,2+1,1,Gümüşsuyu,Kapali,https://maison-dorient.com/en/closed-deals?page=6
280sqm Flat for Sale in Harbiye Palace Building,"$1,000,000",280,4+1,4,Harbiye,Kapali,https://maison-dorient.com/en/closed-deals?page=6
5+1 Rental Flat with Terrace in Gümüşsuyu,"$4,500/mo",280,5+1,3,Gümüşsuyu,Kapali,https://maison-dorient.com/en/closed-deals?page=6
180sqm Duplex for Rent with Garden in Gümüşsuyu,"$1,700/mo",180,3+1,1,Gümüşsuyu,Kapali,https://maison-dorient.com/en/closed-deals?page=6
Garden Duplex for Sale in Historical Building,"$400,000",150,3+1,2,Cihangir,Kapali,https://maison-dorient.com/en/closed-deals?page=6
220sqm Historical Flat for Sale in Galatasaray,"$750,000",220,3+1,2,Galatasaray,Kapali,https://maison-dorient.com/en/closed-deals?page=6
2+1 Furnished Historical Flat for Rent,"$1,000/mo",90,2+1,2,Galata,Kapali,https://maison-dorient.com/en/closed-deals?page=6
Renovated 2+1 Rental Apartment in Cihangir,"$1,500/mo",90,2+1,1,Cihangir,Kapali,https://maison-dorient.com/en/closed-deals?page=6
400sqm Office for Rent in Mısır Apartment,"$6,500/mo",400,5,,Istiklal Street,Kapali,https://maison-dorient.com/en/closed-deals?page=6
450sqm Office with Terrace in Misir Apartment,"$4,500/mo",450,,,Mısır Apartment,Kapali,https://maison-dorient.com/en/closed-deals?page=6
200sqm Office for Rent in Misir Apartment,"$1,700/mo",200,,,Istiklal Street,Kapali,https://maison-dorient.com/en/closed-deals?page=6
2+1 Apartment for Rent with View in Galata,"$2,200/mo",135,2+1,1,Galata,Kapali,https://maison-dorient.com/en/closed-deals?page=6
2+1 Apartment for Rent in Central Cihangir,"$1,200/mo",90,2+1,1,Cihangir,Kapali,https://maison-dorient.com/en/closed-deals?page=6
2 Storey Rental Shop on Meşrutiyet Street,"$2,000/mo",110,2,,Pera,Kapali,https://maison-dorient.com/en/closed-deals?page=6
160sqm Office with Balcony for Rent on Istiklal,"$2,000/mo",160,2,,Beyoğlu,Kapali,https://maison-dorient.com/en/closed-deals?page=6
2+1 Flat for Sale in Ritz Carlton Residence,"$1,500,000",135,2,2,Nişantaşı,Kapali,https://maison-dorient.com/en/closed-deals?page=6
Cihangir Arbatlı Apartment 130m² Flat for Rent,"$1,900/mo",130,3+1,1,Cihangir,Kapali,https://maison-dorient.com/en/closed-deals?page=6
3+1 Duplex Flat for Rent in Tekfen Residences,"$4,500/mo",300,4+1,3,Taksim,Kapali,https://maison-dorient.com/en/closed-deals?page=6
"Three Greek Houses in Pagondas Village, Samos","$600,000",1150,,5,"Samos, Greece",Kapali,https://maison-dorient.com/en/closed-deals?page=6
3+1 Triplex Apartment for Rent in Galata Residence,"$1,600/mo",160,3+1,2,Galatasaray,Kapali,https://maison-dorient.com/en/closed-deals?page=6
3+1 Flat with Bosphorus View for Rent Cihangir,"$4,000/mo",200,3+1,2,Cihangir,Kapali,https://maison-dorient.com/en/closed-deals?page=6
2+1 Furnished Garden Duplex for Rent in Galata,"$2,000/mo",100,2+1,1,Galata,Kapali,https://maison-dorient.com/en/closed-deals?page=6
2+1 Furnished Flat for Rent in New Project Galata,"$2,000/mo",90,2+1,2,Galata,Kapali,https://maison-dorient.com/en/closed-deals?page=6
70 sqm Shop/Store in Historical Building Cihangir,"$130,000",70,,1,Cihangir,Kapali,https://maison-dorient.com/en/closed-deals?page=6
"1+1 Flat for Rent in New Project, Galata","$1,000/mo",65,1+1,,Galata,Kapali,https://maison-dorient.com/en/closed-deals?page=6
3+1 Furnished Duplex for Rent in New Project Galata,"$3,500/mo",160,3+1,2,Galata,Kapali,https://maison-dorient.com/en/closed-deals?page=6
2+1 Flat for Sale with View in New Building Galata,"$485,000",125,2+1,2,Galata,Kapali,https://maison-dorient.com/en/closed-deals?page=6
110sqm Furnished Flat with View for Rent Cihangir,"$2,000/mo",110,2+1,1,Cihangir,Kapali,https://maison-dorient.com/en/closed-deals?page=6
5+2 Duplex for Sale with Terrace in Acıbadem,"$1,100,000",400,5+2,2,Acıbadem,Kapali,https://maison-dorient.com/en/closed-deals?page=6
3+1 Apartment for Sale in Central Acıbadem,"$570,000",200,3+1,2,Acıbadem,Kapali,https://maison-dorient.com/en/closed-deals?page=6
160sqm Historical Flat for Rent in Cihangir,"$1,500/mo",160,3+1,2,Cihangir,Kapali,https://maison-dorient.com/en/closed-deals?page=6
2+1 80sqm Flat for Sale in Galata,"$270,000",80,2+1,1,Galata,Kapali,https://maison-dorient.com/en/closed-deals?page=6
2+1 Rental Detached House with View in Cihangir,"$1,000/mo",120,2+1,1,Cihangir,Kapali,https://maison-dorient.com/en/closed-deals?page=6
1+1 Furnished Rental Flat with View in Galata,"$1,000/mo",60,1+1,1,Galata,Kapali,https://maison-dorient.com/en/closed-deals?page=6
2+1 Rental Apartment in Cihangir Palace Building,"$1,000/mo",100,2+1,1,Cihangir,Kapali,https://maison-dorient.com/en/closed-deals?page=6
2+1 Flat for Rent in Historical Building,"$1,000/mo",130,2+1,1,Galata,Kapali,https://maison-dorient.com/en/closed-deals?page=6
2+1 Rental Apartment in Historical Building Galata,"$1,000/mo",110,2+1,1,Galata,Kapali,https://maison-dorient.com/en/closed-deals?page=6
220sqm 3+1 Apartment for Rent in Said Bey Building,"$3,300/mo",220,3+1,2,Cihangir,Kapali,https://maison-dorient.com/en/closed-deals?page=6
Furnished Flat for Rent in Cukurcuma,"$2,400/mo",150,2+1,2,Cukurcuma,Kapali,https://maison-dorient.com/en/closed-deals?page=6
2+1 Rental Flat in Historical Toptaş Building Pera,"$1,100/mo",100,2+1,1,Pera,Kapali,https://maison-dorient.com/en/closed-deals?page=7
1+1 Furnished Flat for Sale in Kumbaracı Street,"$150,000",70,1+1,1,Kumbaracı Street,Kapali,https://maison-dorient.com/en/closed-deals?page=7
3+1 Apartment for Sale in Central Cihangir,"$350,000",150,3+1,1,Cihangir,Kapali,https://maison-dorient.com/en/closed-deals?page=7
Renovated Sea View Flat for Rent in Galata,"$1,000/mo",160,3+1,1,Galata,Kapali,https://maison-dorient.com/en/closed-deals?page=7
1+1 Flat for Rent with View in Galata,"$1,200/mo",60,1+1,1,Galata,Kapali,https://maison-dorient.com/en/closed-deals?page=7
Furnished 2+1 Rental Apartment with View Cihangir,"$2,200/mo",80,2+1,1,Cihangir,Kapali,https://maison-dorient.com/en/closed-deals?page=7
100sqm Renovated Flat for Rent in Galata,"$1,400/mo",100,1+1,1,Galata,Kapali,https://maison-dorient.com/en/closed-deals?page=7
2+1 Renovated Rental Flat in Historical Galata,$900/mo,110,2+1,1,Galata,Kapali,https://maison-dorient.com/en/closed-deals?page=7
1+1 Flat for Sale with Golden Horn View Aynalı Çeşme,"$270,000",75,1+1,1,Aynalı Çeşme,Kapali,https://maison-dorient.com/en/closed-deals?page=7
130sqm Workshop for Rent in Asmalimescit,"$1,000/mo",130,3,1,Asmalımescit,Kapali,https://maison-dorient.com/en/closed-deals?page=7
280sqm Flat for Rent with View in Tunnel Square,"$2,500/mo",280,5+1,2,Beyoğlu,Kapali,https://maison-dorient.com/en/closed-deals?page=7
3+1 Flat for Rent with View and Balcony in Galata,"$1,600/mo",145,3+1,1,Galata,Kapali,https://maison-dorient.com/en/closed-deals?page=7
2+1 Apartment for Sale with View in Cihangir,"$450,000",80,2+1,,Cihangir,Kapali,https://maison-dorient.com/en/closed-deals?page=7
Flat for Rent with Private Garden in Galata,"$1,200/mo",170,3+1,2,Galata,Kapali,https://maison-dorient.com/en/closed-deals?page=7
Historical Detached House for Rent with Terrace and View in Balat,"$1,800/Month",225,2+1,1,Balat / Istanbul,Kiralik,https://www.maison-dorient.com/en/property/historical-detached-house-with-terrace-and-view-in-balat
450sqm Office with Terrace for Rent in Misir Apartment,"$4,500/Month",450,5,2,Istiklal / Istanbul,Kiralik,https://www.maison-dorient.com/en/property/450sqm-office-with-terrace-for-rent-in-misir-apartment
900sqm 5-Storeys Rental Building in Historical Tunel Square,"$25,000/Month",900,,,Tunel / Istanbul,Kiralik,https://www.maison-dorient.com/en/property/900sqm-9-storeys-rental-building-in-historical-tunel-square
1100sqm Twin Villas with Garden for Rent in Akaretler Row Houses,"$24,000/Month",1100,10,3,Akaretler / Istanbul,Kiralik,https://www.maison-dorient.com/en/property/1100sqm-twin-villas-with-garden-for-rent-in-akaretler-row-houses
Duplex Flat with Terrace for Rent in Akaretler Row Houses,"$3,500/Month",190,3+1,3,Akaretler / Istanbul,Kiralik,https://www.maison-dorient.com/en/property/duplex-flat-with-terrace-for-rent-in-akaretler-row-houses
3+1 Duplex Flat with Terrace for Rent in Akaretler Row Houses,"$3,300/Month",180,3+1,2,Akaretler / Istanbul,Kiralik,https://www.maison-dorient.com/en/property/3-1-duplex-flat-with-terrace-for-rent-in-akaretler-row-houses
Duplex Office with Terrace for Rent in Akaretler Row Houses,"$7,100/Month",250,3+1,2,Akaretler / Istanbul,Kiralik,https://www.maison-dorient.com/en/property/duplex-office-with-terrace-for-rent-in-akaretler-row-houses
1100sqm Twin Villas with Garden in Akaretler Row Houses,"$24,000/Month",1100,10,3,Akaretler / Istanbul,Satilik,https://www.maison-dorient.com/en/property/1100sqm-twin-villas-with-garden-in-akaretler-row-houses
Renovated 4-Storey Building for Rent in Resitpasa,"$3,200/Month",1300,,,Resitpasa / Istanbul,Kiralik,https://www.maison-dorient.com/en/property/renovated-4-storey-building-for-rent-in-resitpasa
Flat for Rent with Bosphorus View in Galata,"$2,200/Month",180,3+1,1,Galata / Istanbul,Kiralik,https://www.maison-dorient.com/en/property/flat-for-rent-with-bosphorus-view-in-galata
180sqm Penthouse Duplex for Rent in Galata,"$2,000/Month",180,1+1,1,Galata / Istanbul,Kiralik,https://www.maison-dorient.com/en/property/180sqm-penthouse-duplex-for-rent-in-galata
180sqm Duplex with Private Terrace for Rent in Galata,"$4,700/Month",180,3+1,2,Galata / Istanbul,Kiralik,https://www.maison-dorient.com/en/property/180sqm-duplex-with-private-terrace-for-rent-in-galata
"2+1 Furnished Rental Flat in Historical Apartment, Galata","$1,000/Month",90,2+1,1,Galata / Istanbul,Kiralik,https://www.maison-dorient.com/en/property/2-1-furnished-rental-flat-in-historical-apartment-galata
"3+2 Flat for Rent in Historical Petraki Building, Galata","$1,550/Month",180,3+2,2,Galata / Istanbul,Kiralik,https://www.maison-dorient.com/en/property/3-2-flat-for-rent-in-historical-petraki-building-galata
"3+2 Rental Flat in Historical Petraki Building, Galata","$1,500/Month",160,3+2,2,Galata / Istanbul,Kiralik,https://www.maison-dorient.com/en/property/3-2-rental-flat-in-historical-petraki-building-galata
3+1 Rental Flat in Historical Building Next to Galata Tower,"$1,200/Month",180,3+1,1,Galata / Istanbul,Kiralik,https://www.maison-dorient.com/en/property/3-1-rental-flat-in-historical-building-next-to-galata-tower
1+1 Flat for Rent in Historical Urgliavich Building in Galata,"$3,000/Month",75,1+1,1,Galata / Istanbul,Kiralik,https://www.maison-dorient.com/en/property/1-1-flat-for-rent-in-historical-urgliavich-building-in-galata
Fully Renovated 1+1 Flat for Rent in Galata Tower Square,"$1,500/Month",75,1+1,1,Galata / Istanbul,Kiralik,https://www.maison-dorient.com/en/property/fully-renovated-1-1-flat-for-rent-in-galata-tower-square
